{
  "schema_creation_time": 0.13082027435302734,
  "file_stats": {
    "file_size_mb": 30.157963752746582,
    "total_lines": 13417,
    "header_lines": 3417,
    "variant_lines": 10000
  },
  "load_time": 543.4706189632416,
  "sample_insert_time": 0.04058551788330078,
  "genotype_insert_time": 533.0004987716675,
  "variant_count": 10000,
  "genotype_count": 1080000,
  "sample_count": 108,
  "chromosome_distribution": {
    "chr1": 930,
    "chr10": 384,
    "chr10_GL383546v1_alt": 1,
    "chr11": 567,
    "chr11_KI270831v1_alt": 3,
    "chr11_KI270832v1_alt": 2,
    "chr11_KI270902v1_alt": 5,
    "chr11_KI270903v1_alt": 1,
    "chr11_KI270927v1_alt": 2,
    "chr12": 497,
    "chr12_GL877875v1_alt": 1,
    "chr13": 173,
    "chr14": 326,
    "chr14_GL000009v2_random": 1,
    "chr14_GL000194v1_random": 1,
    "chr14_KI270847v1_alt": 1,
    "chr15": 350,
    "chr15_KI270849v1_alt": 1,
    "chr15_KI270905v1_alt": 1,
    "chr16": 503,
    "chr16_KI270728v1_random": 9,
    "chr16_KI270854v1_alt": 1,
    "chr16_KI270855v1_alt": 1,
    "chr17": 572,
    "chr17_GL000205v2_random": 2,
    "chr17_GL000258v2_alt": 2,
    "chr17_GL383564v2_alt": 1,
    "chr17_JH159147v1_alt": 1,
    "chr17_KI270857v1_alt": 1,
    "chr17_KI270861v1_alt": 1,
    "chr17_KI270862v1_alt": 1,
    "chr18": 162,
    "chr19": 691,
    "chr19_GL000209v2_alt": 5,
    "chr19_GL949746v1_alt": 7,
    "chr19_GL949747v2_alt": 2,
    "chr19_GL949748v2_alt": 5,
    "chr19_GL949749v2_alt": 2,
    "chr19_GL949750v2_alt": 1,
    "chr19_GL949751v2_alt": 2,
    "chr19_GL949752v1_alt": 6,
    "chr19_GL949753v2_alt": 2,
    "chr19_KI270865v1_alt": 1,
    "chr19_KI270867v1_alt": 1,
    "chr19_KI270883v1_alt": 5,
    "chr19_KI270885v1_alt": 1,
    "chr19_KI270886v1_alt": 2,
    "chr19_KI270887v1_alt": 1,
    "chr19_KI270888v1_alt": 1,
    "chr19_KI270889v1_alt": 1,
    "chr19_KI270890v1_alt": 1,
    "chr19_KI270891v1_alt": 1,
    "chr19_KI270914v1_alt": 2,
    "chr19_KI270915v1_alt": 1,
    "chr19_KI270917v1_alt": 1,
    "chr19_KI270920v1_alt": 1,
    "chr19_KI270922v1_alt": 1,
    "chr19_KI270923v1_alt": 1,
    "chr19_KI270930v1_alt": 3,
    "chr19_KI270931v1_alt": 1,
    "chr19_KI270932v1_alt": 3,
    "chr19_KI270933v1_alt": 2,
    "chr19_KI270938v1_alt": 7,
    "chr1_KI270706v1_random": 1,
    "chr1_KI270711v1_random": 1,
    "chr1_KI270713v1_random": 4,
    "chr1_KI270762v1_alt": 1,
    "chr2": 630,
    "chr20": 222,
    "chr20_KI270869v1_alt": 1,
    "chr21": 131,
    "chr22": 279,
    "chr22_GL383583v2_alt": 1,
    "chr22_KI270731v1_random": 1,
    "chr22_KI270734v1_random": 1,
    "chr22_KI270928v1_alt": 3,
    "chr2_KI270774v1_alt": 1,
    "chr2_KI270776v1_alt": 1,
    "chr3": 552,
    "chr3_GL000221v1_random": 1,
    "chr3_JH636055v2_alt": 1,
    "chr3_KI270779v1_alt": 2,
    "chr3_KI270895v1_alt": 1,
    "chr3_KI270924v1_alt": 2,
    "chr3_KI270934v1_alt": 2,
    "chr3_KI270935v1_alt": 1,
    "chr3_KI270936v1_alt": 1,
    "chr3_KI270937v1_alt": 4,
    "chr4": 357,
    "chr4_GL000257v2_alt": 2,
    "chr5": 417,
    "chr6": 486,
    "chr6_GL000250v2_alt": 12,
    "chr6_GL000251v2_alt": 20,
    "chr6_GL000252v2_alt": 29,
    "chr6_GL000253v2_alt": 26,
    "chr6_GL000254v2_alt": 14,
    "chr6_GL000255v2_alt": 19,
    "chr6_GL000256v2_alt": 24,
    "chr6_KI270758v1_alt": 2,
    "chr7": 485,
    "chr7_KI270803v1_alt": 3,
    "chr8": 317,
    "chr8_KI270816v1_alt": 2,
    "chr8_KI270819v1_alt": 1,
    "chr8_KI270821v1_alt": 1,
    "chr9": 440,
    "chr9_GL383541v1_alt": 1,
    "chr9_KI270823v1_alt": 1,
    "chrM": 14,
    "chrUn_GL000214v1": 1,
    "chrUn_GL000218v1": 2,
    "chrUn_GL000219v1": 1,
    "chrUn_KI270743v1": 1,
    "chrUn_KI270744v1": 5,
    "chrUn_KI270750v1": 1,
    "chrX": 197,
    "chrX_KI270880v1_alt": 2,
    "chrX_KI270913v1_alt": 3,
    "chrY": 4
  },
  "quality_stats": {
    "count": 10000,
    "mean": 22623.852114,
    "median": 1446.745,
    "min": 10.04,
    "max": 1885035.77
  },
  "genotype_distribution": {
    "./.": 169763,
    "0/0": 756881,
    "0/1": 89591,
    "1/1": 54980,
    "0/2": 4075,
    "2/2": 1093,
    "1/3": 192,
    "0/4": 291,
    "0/5": 114,
    "6/6": 28,
    "1/6": 12,
    "4/4": 74,
    "0/3": 869,
    "3/4": 60,
    "0/6": 20,
    "3/5": 24,
    "5/5": 29,
    "1/2": 985,
    "5/6": 10,
    "4/6": 6,
    "2/5": 51,
    "3/3": 153,
    "2/4": 91,
    "2/6": 15,
    "4/5": 25,
    "2/3": 404,
    "1/5": 52,
    "1/4": 101,
    "3/6": 11
  },
  "loading_rate_variants_per_sec": 18.400258728018496,
  "system_stats_loading": {
    "cpu_percent": {
      "avg": 33.82096474953618,
      "max": 89.9,
      "min": 0.0,
      "final": 38.4
    },
    "memory_percent": {
      "avg": 36.487384044526905,
      "max": 37.1,
      "min": 35.5,
      "final": 36.5
    },
    "memory_used_gb": {
      "avg": 0.09648830151956024,
      "max": 0.0965576171875,
      "min": 0.09061431884765625,
      "final": 0.0965576171875
    },
    "disk_read_mb": {
      "avg": 32.32750898654916,
      "max": 59.640625,
      "min": 0.1171875,
      "final": 59.640625
    },
    "disk_write_mb": {
      "avg": 836.761820211039,
      "max": 1899.59375,
      "min": 1.9375,
      "final": 1899.59375
    },
    "network_sent_mb": {
      "avg": 10648.749320829955,
      "max": 24027.242505073547,
      "min": 88.01069641113281,
      "final": 24027.242505073547
    },
    "network_recv_mb": {
      "avg": 18910.740719936774,
      "max": 42451.676506996155,
      "min": 2.732114791870117,
      "final": 42451.676506996155
    },
    "duration_seconds": 542.5248682498932
  },
  "queries": {
    "total_variants": {
      "description": "Count total variants",
      "avg_time": 0.0020240306854248046,
      "min_time": 0.0017733573913574219,
      "max_time": 0.0023326873779296875,
      "std_time": 0.00020492625409474497,
      "result_count": 1,
      "sample_results": [
        [
          10000
        ]
      ],
      "times": [
        0.0023326873779296875,
        0.0019469261169433594,
        0.0019903182983398438,
        0.0017733573913574219,
        0.002076864242553711
      ],
      "query_type": "count"
    },
    "total_genotypes": {
      "description": "Count total genotypes",
      "avg_time": 0.06209859848022461,
      "min_time": 0.060246944427490234,
      "max_time": 0.06300139427185059,
      "std_time": 0.0011101608366508814,
      "result_count": 1,
      "sample_results": [
        [
          1080000
        ]
      ],
      "times": [
        0.060246944427490234,
        0.06276559829711914,
        0.06192207336425781,
        0.06300139427185059,
        0.06255698204040527
      ],
      "query_type": "count"
    },
    "range_query": {
      "description": "Count variants in range chr1:187895-287895",
      "avg_time": 0.0003907203674316406,
      "min_time": 0.00026345252990722656,
      "max_time": 0.0008251667022705078,
      "std_time": 0.0002437970978126152,
      "result_count": 1,
      "sample_results": [
        [
          2
        ]
      ],
      "times": [
        0.0008251667022705078,
        0.0003173351287841797,
        0.00028061866760253906,
        0.00026345252990722656,
        0.00026702880859375
      ],
      "query_type": "count"
    },
    "quality_filter": {
      "description": "Count high-quality variants (QUAL > 30)",
      "avg_time": 0.005925416946411133,
      "min_time": 0.003586292266845703,
      "max_time": 0.01189732551574707,
      "std_time": 0.0034107000728361325,
      "result_count": 1,
      "sample_results": [
        [
          9209
        ]
      ],
      "times": [
        0.01189732551574707,
        0.005524635314941406,
        0.004389286041259766,
        0.004229545593261719,
        0.003586292266845703
      ],
      "query_type": "count"
    },
    "quality_stats": {
      "description": "Quality statistics",
      "avg_time": 0.004641866683959961,
      "min_time": 0.004036426544189453,
      "max_time": 0.005475044250488281,
      "std_time": 0.000555978390645042,
      "result_count": 1,